City,Price (CHF/Month),Net Price,Additional Costs,Rooms,Living Space,Street,PLZ/City,Description,Eigenschaften,Hauptangaben,Listing URL
aarau,1â€™835.â€“,CHF 1â€™625.â€“,CHF 210.â€“,4.5,"83
m2","Delfterstr. 25,",5004 Aarau,"Wir vermieten im Telli-Quartier folgende attraktive Wohnung:

- Wohnen, Esszimmer und Korridor mit Parkett
- Schlafzimmer mit Parkett
- Bad mit Badewanne
- Grosse EinbauschrÃ¤nke
- Zwei Balkone, einer davon mit Reduit
- SportmÃ¶glichkeiten vorhanden
- EinstellplÃ¤tze Ã  CHF 100.-/mtl. vorhanden
- Sehr ruhige Lage mit Aussicht ins GrÃ¼ne
- EinkaufsmÃ¶glichkeiten und Bushaltestelle nur 5 Gehminuten entfernt

Fotos kÃ¶nnen teilweise vom Original abweichen.

Weitere Angebote finden Sie unter dem Link: www.telliportal.ch.

Haben wir Ihr Interesse geweckt? Wir freuen uns auf Ihre Kontaktaufnahme!","Haustiere erlaubt, Balkon / Terrasse, Kabel-TV, Kinderfreundlich, Garage, Lift","{'VerfÃ¼gbarkeit:': 'Sofort', 'Objekttyp:': 'Wohnung', 'Anzahl Zimmer:': '4.5', 'Etage:': '9', 'WohnflÃ¤che:': '83 m2', 'Kubatur:': '199 m3', 'Letztes Renovationsjahr:': '2005', 'Baujahr:': '1976'}",https://www.immoscout24.ch/mieten/4001969297
aarau,1â€™715.â€“,CHF 1â€™485.â€“,CHF 230.â€“,4,"80
m2","General Guisan-Str. 52,",5000 Aarau,"Wir vermieten eine attraktive Wohnung mit atemberaubender Aussicht und folgenden VorzÃ¼gen:

- Moderne KÃ¼che mit Glaskeramikherd und GeschirrspÃ¼ler
- Wohnbereich mit Parkett
- KÃ¼che/Bad mit Platten
- WC/Badewanne
- Zimmer mit Linoleum
- Balkon mit Weitsicht
- EinbauschrÃ¤nke und Reduit
- Ruhige Wohnlage
- Naherholungsgebiet hinter der Liegenschaft
- Bushaltestelle vor dem Haus
- Abstellplatz monatlich CHF 50.-
- Garage monatlich CHF 120.-

Hinweis: Die Bilder stammen von einer anderen Wohnung, der Ausbaustandart ist jedoch derselbe.

Wir freuen uns auf Ihre Anfrage!","Haustiere erlaubt, Balkon / Terrasse, Kabel-TV, Parkplatz, Garage, Lift","{'VerfÃ¼gbarkeit:': 'Sofort', 'Objekttyp:': 'Wohnung', 'Anzahl Zimmer:': '4', 'Etage:': '8', 'WohnflÃ¤che:': '80 m2', 'Baujahr:': '1968'}",https://www.immoscout24.ch/mieten/4001980187
aarau,2â€™540.â€“,CHF 2â€™260.â€“,CHF 280.â€“,3.5,"128
m2","Hintere Bahnhofstrasse 81,",5000 Aarau,"Per 01.05.2025 oder nach Vereinbarung vermieten wir diese schÃ¶ne und moderne 3.5-Zimmerwohnung in Aarau.

Die Wohnung bietet Ihnen folgende Annehmlichkeiten:

- Wohn- und Schlafzimmer mit Parkettboden
- Nasszellen und KÃ¼che mit dunklem Plattenboden
- Wohnzimmer mit viel Tageslicht und Zugang zum Balkon
- Helle und gerÃ¤umige Schlafzimmer
- Offene KÃ¼che mit Glaskeramikherd, GeschirrspÃ¼ler, Backofen und ausreichend Stauraum fÃ¼r Ihre KÃ¼chenutensilien
- Badezimmer mit WC, Lavabo, Spiegelschrank und Badewanne
- Separates WC mit Lavabo, Spiegelschrank und Dusche
- Eigener Waschturm (Waschmaschine und Trockner)
- Balkon fÃ¼r gemÃ¼tliche Sonnenstunden
- Eigenes Kellerabteil
- Lift vorhanden
- Veloraum vorhanden

Die Haustierhaltung ist in dieser Liegenschaft erlaubt.

Nach VerfÃ¼gbarkeit kann ein Einstellplatz fÃ¼r CHF 150.00 pro Monat dazu gemietet werden.

Umgebung:

- Das Stadtzentrum ist bequem zu Fuss erreichbar
- Der Bahnhof liegt unmittelbar hinter der Liegenschaft
- Die Liegenschaft befindet sich unweit von Kantonsspital Aarau entfernt
- Gute AnschlÃ¼sse an die Autobahn
- Die Kantonsschule Aarau ist in wenigen Gehminuten erreichbar

Bitte beachten Sie, dass die Bilder als Referenzbilder dienen und vom Original abweichen kÃ¶nnen.

Haben wir Ihr Interesse geweckt? FÃ¼r einen Besichtigungstermin kontaktieren Sie uns bitte schriftlich Ã¼ber das Kontaktformular. Wir freuen uns auf Ihre Anfrage.",Lift,"{'VerfÃ¼gbarkeit:': '01.05.2025', 'Objekttyp:': 'Wohnung', 'Anzahl Zimmer:': '3.5', 'Etage:': '2', 'WohnflÃ¤che:': '128 m2'}",https://www.immoscout24.ch/mieten/4001977154
aarau,1â€™800.â€“,CHF 1â€™650.â€“,CHF 150.â€“,2.5,"66
m2","Entfelderstr. 2/4,",5000 Aarau,"An der Entfelderstrasse 2 in Aarau vermieten wir eine schÃ¶ne, helle 2Â½-Zimmer-Attikawohnung. Die Wohnung ist wie folgt ausgesattet:

- Wohn-/ Schlafbereich mit Parkett
- Offene KÃ¼che mit Glaskeramikkochherd und GeschirrspÃ¼ler
- Wohnzimmer mit CheminÃ©eeofen
- Arbeitsplatte aus Granit
- Modernes Badezimmer mit Wanne
- GemÃ¼tlicher Balkon
- Ruhige und gepflegte Umgebung
- EinkaufsmÃ¶glichkeiten und Bushaltestelle in der NÃ¤he

Haben wir Ihr Interesse geweckt? Dann freuen wir uns auf Ihre Kontaktaufnahme!",Balkon / Terrasse,"{'VerfÃ¼gbarkeit:': '01.06.2025', 'Objekttyp:': 'Maisonette / Duplex', 'Anzahl Zimmer:': '2.5', 'Etage:': '4', 'WohnflÃ¤che:': '66 m2', 'Baujahr:': '2000'}",https://www.immoscout24.ch/mieten/4001957736
aarau,1â€™455.â€“,CHF 1â€™210.â€“,CHF 245.â€“,2.5,"60
m2","General Guisan-Str. 52,",5000 Aarau,"Wir vermieten per 01.04.2025 oder nach Vereinbarung eine attraktive Wohnung mit Weitsicht und folgenden VorzÃ¼gen:

- Moderner Grundriss
- BodenbelÃ¤ge: Parkett, Novilon und Platten
- Offene KÃ¼che mit GeschirrspÃ¼ler und Glaskeramik
- Bad mit Wanne
- Gut besonnter Balkon mit Fernsicht
- Ruhige Wohnlage
- Direkt am Waldrand
- Bushaltestelle vor dem Haus
- Abstellplatz monatlich CHF 50.-

Hinweis: Die Bilder kÃ¶nnen vom Original abweichen. Der Ausbaustandard ist jedoch derselbe.

Wir freuen uns auf Ihre Anfrage!","Haustiere erlaubt, Balkon / Terrasse, Kabel-TV, Parkplatz, Garage, Lift","{'VerfÃ¼gbarkeit:': '01.04.2025', 'Objekttyp:': 'Wohnung', 'Anzahl Zimmer:': '2.5', 'Etage:': '4', 'WohnflÃ¤che:': '60 m2', 'Baujahr:': '1968'}",https://www.immoscout24.ch/mieten/4001938604
aarau,2â€™180.â€“,CHF 1â€™930.â€“,CHF 250.â€“,4,"112
m2","GÃ¶nhardweg 4,",5000 Aarau,"Wir vermieten diese wunderschÃ¶ne, im Jahr 2017 sanierte, 4-Zimmerwohnung mit dem folgendem Ausbaustandard:

- ganze Wohnung mit Plattenboden
- KÃ¼che mit Glaskeramikherd und GeschirrspÃ¼ler
- mit Backofen und Steamer
- Badezimmer mit Fenster
- separate Toilette
- sonniger Balkon
- Lift vorhanden

Bei den Bildern handelt es sich um Musterfotos, welche den Ausbaustandard veranschaulichen. Die genaue Raumaufteilung kÃ¶nnen Sie dem angefÃ¼gten Grundriss entnehmen.

Eine Garage kann bei Bedarf und VerfÃ¼gbarkeit fÃ¼r CHF 145.00 pro Monat dazu gemietet werden.

Direkt vor der Liegenschaft befindet sich die Bushaltestelle Buchenhof, welche durch die Buslinien 5 und 7 bedient wird. Der Bahnhof Aarau ist aber auch bequem in einem 10-minÃ¼tigen Spaziergang erreichbar.

Das schÃ¶ne Ambiente in der Altstadt von Aarau macht das Einkaufen zu einem besonderen Erlebnis. Ebenfalls finden Sie zusÃ¤tzlich unzÃ¤hlige Bars und Restaurants.

Die Stadt Aarau hat in puncto Freizeitgestaltung fÃ¼r jeden etwas passendes anzubieten. Sie kÃ¶nnen zwischen verschiedenen sportlichen AktivitÃ¤ten, dem Hallenbad Telli und sogar einer Kunsteisbahn und vielem mehr auswÃ¤hlen.

Die vielfÃ¤ltigen Naherholungsgebiete liegen vor der HaustÃ¼r. Wege der Aare entlang laden zum Spazieren, Joggen, Biken oder Skaten ein.

Die Wohnung eignet sich auch perfekt fÃ¼r Familien, da sich das Primarschulhaus GÃ¶nhard und der Kindergarten GÃ¶nhard nur wenige Meter entfernt befinden.

Haben wir Ihr Interesse geweckt?

Dann kontaktieren Sie uns direkt im Onlineinserat Ã¼ber ""Anbieter kontaktieren"". Sie erhalten anschliessend eine automatisierte E-Mail mit den Besichtigungsinformationen sowie der MÃ¶glichkeit, sich digital auf die Wohnung zu bewerben und/oder uns allfÃ¤llige Fragen zu stellen.

Wir freuen uns auf Ihre digitale Bewerbung nach der Besichtigung.",Lift,"{'VerfÃ¼gbarkeit:': '01.05.2025', 'Objekttyp:': 'Wohnung', 'Anzahl Zimmer:': '4', 'Etage:': '4', 'WohnflÃ¤che:': '112 m2', 'Letztes Renovationsjahr:': '2017', 'Baujahr:': '1932'}",https://www.immoscout24.ch/mieten/4001879743
aarau,2â€™390.â€“,CHF 2â€™090.â€“,CHF 300.â€“,2.5,"175
m2","Vordere Vorstadt 13,",5000 Aarau,"Erleben Sie urbanes Wohnen in einer exklusiven Loft-/Galeriewohnung auf 2 Ebenen mitten in der Altstadt von Aarau! Die charmante Wohnung im 4. Stock eines historischen GebÃ¤udes besticht durch ihre grosszÃ¼gige Raumaufteilung und die besondere AtmosphÃ¤re, die das Leben auf zwei Etagen bietet.
Wohnungshighlights:
Loft-/Galeriewohnung im 4. Stock
WohnrÃ¤ume mit viel Charme
Historische Elemente kombiniert mit modernem Komfort
Laube vorhanden â€“ ideal zum Entspannen
Mietkonditionen:
Nettomiete: CHF 2'350.â€“ monatlich
Nebenkosten (Heiz- und Betriebskosten pauschal): CHF 300.â€“ monatlich
Bezug nach Vereinbarung
Die perfekte Wohnadresse fÃ¼r alle, die zentral wohnen und dennoch das Besondere suchen. Lassen Sie sich von der Kombination aus historischem Flair und modernem Wohnen begeistern.
Interessiert? Wir freuen uns auf Ihre Kontaktaufnahme fÃ¼r einen Besichtigungstermin!","Balkon / Terrasse, GeschirrspÃ¼ler, Kabel-TV, Ruhige Lage, Lift, Altbau","{'VerfÃ¼gbarkeit:': 'Nach Vereinbarung', 'Objekttyp:': 'Maisonette / Duplex', 'Anzahl Zimmer:': '2.5', 'Etage:': '4', 'Anzahl Etagen:': '2', 'WohnflÃ¤che:': '175 m2', 'RaumhÃ¶he:': '3 m', 'Baujahr:': '1999'}",https://www.immoscout24.ch/mieten/4001956906
aarau,1â€™660.â€“,CHF 1â€™420.â€“,CHF 240.â€“,2.5,"63
m2","Dammweg 5,",5000 Aarau,"Wir vermieten eine topmoderne 2Â½-Zimmer-Wohnung ab dem 01.06.2025 oder nach Vereinbarung mit folgenden VorzÃ¼gen:

- Bevorzugte Lage NÃ¤he Schachen
- Naherholungsgebiet Aare in Gehdistanz erreichbar
- Bushaltestelle vor dem Haus
- Altstadt fusslÃ¤ufig zu erreichen
- Topmoderner Ausbaustandard
- Ganze Wohnung mit Feinsteinzeug-Platten
- Bad mit gerÃ¤umiger Dusche
- Waschmaschine/Tumbler in der Wohnung
- KÃ¼che mit GeschirrspÃ¼ler, KÃ¼hlschrank und Combi-Steamer mit integrierter WÃ¤rmeschublade ( V-Zug)
- Gut mÃ¶blierbarer Sitzplatz


Bitte beachten Sie, dass es sich bei den Fotos um Beispielbilder einer anderen Wohnung in der selben Liegenschaft handelt.

Haben wir Ihr Interesse geweckt? Dann freuen wir uns auf Ihre Anfrage!","Haustiere erlaubt, Kabel-TV, Parkplatz, Neubau, Minergie Bauweise, Gedeckt","{'VerfÃ¼gbarkeit:': '01.06.2025', 'Objekttyp:': 'Wohnung', 'Anzahl Zimmer:': '2.5', 'Etage:': 'EG', 'WohnflÃ¤che:': '63 m2', 'Baujahr:': '2022'}",https://www.immoscout24.ch/mieten/4001997072
aarau,1â€™645.â€“,CHF 1â€™400.â€“,CHF 245.â€“,3.5,"78
m2","Im KÃ¤fergrund 43,",5000 Aarau,"Suchen Sie eine schÃ¶ne und helle Wohnung? Dann haben wir die LÃ¶sung!

Wir vermieten ein attraktives Zuhause mit folgenden Pluspunkten:

- Moderne, offene WohnkÃ¼che mit Granitabdeckung
- Esszimmer halboffen zum Wohnzimmer mit Eichenparkett
- Wohn- & Schlafbereich Eichenparkett
- Nasszellen und KÃ¼che mit Feinsteinzeugbodenplatten
- Helles Badezimmer mit Wanne und WC
- Praktisches GÃ¤ste-WC
- Grossser, gut besonnter Balkon mit Blick auf den Jura
- ZusÃ¤tzlicher Balkon beim Schlafzimmer
- Ruhiges Wohnquartier mit Spielplatz
- Naherholungsgebiet direkt vor der TÃ¼re
- Quartierladen und Ã–V in unmittelbarer NÃ¤he
- Garage CHF 120.-/Monat

Eine Liegenschaft
mit LIVING SERVICES
www.livingservices.ch

Haben wir Ihr Interesse geweckt? Wir freuen uns auf Ihren Anruf!","Haustiere erlaubt, Balkon / Terrasse, Kabel-TV, Kinderfreundlich, Parkplatz, Garage, Lift, Altbau","{'VerfÃ¼gbarkeit:': '01.05.2025', 'Objekttyp:': 'Wohnung', 'Anzahl Zimmer:': '3.5', 'Etage:': '2', 'WohnflÃ¤che:': '78 m2', 'Letztes Renovationsjahr:': '2011', 'Baujahr:': '1963'}",https://www.immoscout24.ch/mieten/4001976751
aarau,1â€™741.â€“,CHF 1â€™491.â€“,CHF 250.â€“,3.5,"78
m2","Im KÃ¤fergrund 41,",5000 Aarau,"Wir vermieten per 01.06.2025 oder nach Vereinarung ein attraktives Zuhause mit folgenden VorzÃ¼gen:

- Moderne, offene WohnkÃ¼che mit Granitabdeckung
- Esszimmer halboffen zum Wohnzimmer mit Ausgang auf den grossen nach SÃ¼den gerichteten Balkon
- Alle Wohn-/SchlafrÃ¤ume mit Parkett
- Nasszellen und KÃ¼che mit Feinsteinzeugbodenplatten
- Helles Badezimmer mit Wanne und WC und Fenster
- Praktisches GÃ¤ste-WC
- ZusÃ¤tzlicher Balkon beim Schlafzimmer
- Ruhiges Wohnquartier mit Spielplatz und in WaldrandnÃ¤he
- Quartierladen und Ã–V in unmittelbarer NÃ¤he
- Garage in der Einstellhalle fÃ¼r CHF 120.- / Monat

Eine Liegenschaft mit
LIVING SERVICES
www.livingservices.ch

Haben wir Ihr Interesse geweckt? Wir freuen uns auf Ihre Kontaktaufnahme!","Haustiere erlaubt, Balkon / Terrasse, Kabel-TV, Kinderfreundlich, Parkplatz, Garage, Lift, Altbau","{'VerfÃ¼gbarkeit:': '01.06.2025', 'Objekttyp:': 'Wohnung', 'Anzahl Zimmer:': '3.5', 'Etage:': '1', 'WohnflÃ¤che:': '78 m2', 'Letztes Renovationsjahr:': '2011', 'Baujahr:': '1963'}",https://www.immoscout24.ch/mieten/4001957734
aarau,1â€™495.â€“,CHF 1â€™255.â€“,CHF 240.â€“,2.5,"60
m2","General Guisan-Str. 52,",5000 Aarau,"- Wohnzimmer/Korridor Parkett
- KÃ¼che/Bad Platten
- Zimmer Linoleum
- Moderne KÃ¼che mit Granitabdeckung
- EinbauschrÃ¤nke
- Praktisches Reduit in der Wohnung
- Balkon mit schÃ¶ner Aussicht
- Kellerabteil
- Ruhige Wohnlage neben Wald
- Parkplatz CHF 50.-
- Bushaltestelle in wenigen Gehminuten erreichbar","Haustiere erlaubt, Balkon / Terrasse, Kabel-TV, Parkplatz, Garage, Lift","{'VerfÃ¼gbarkeit:': '01.04.2025', 'Objekttyp:': 'Wohnung', 'Anzahl Zimmer:': '2.5', 'Etage:': '13', 'WohnflÃ¤che:': '60 m2', 'Baujahr:': '1968'}",https://www.immoscout24.ch/mieten/4001938606
aarau,2â€™290.â€“,CHF 2â€™010.â€“,CHF 280.â€“,3.5,"103
m2","RÃ¼tmattstr. 9,",5004 Aarau,"Ob Sie zu Fuss, mit dem Velo oder dem Auto unterwegs sind - die Lage ist ideal fÃ¼r Pendler und Ortsgebundene.

Die Wohnung ist wie folgt ausgestattet:

- Wohn- und Schlafbereich mit Parkett
- KÃ¼che mit Platten und Granitabdeckung
- Bad/WC mit Wanne
- Praktischer Wandschrank im Korridor
- Grosse Terrasse
- Ruhige Umgebung
- Ideale Verkehrsanbindung an Ã–V oder Autobahn
- Wenige Gehminuten zum Einkaufszentrum Telli und der Bushaltestelle
- Mieten ohne Kaution

Einstellplatz kann fÃ¼r CHF 75.-/Monat dazu gemietet werden.

Haben wir Ihr Interesse geweckt? Wir freuen uns auf Ihre Kontaktaufnahme!

ACHTUNG! Die Fotos stammen aus einer Ã¤hnlichen Wohnung!","Haustiere erlaubt, Kabel-TV, Kinderfreundlich, Garage","{'VerfÃ¼gbarkeit:': 'Nach Vereinbarung', 'Objekttyp:': 'Attikawohnung', 'Anzahl Zimmer:': '3.5', 'Etage:': '14', 'WohnflÃ¤che:': '103 m2', 'Letztes Renovationsjahr:': '2007', 'Baujahr:': '1972'}",https://www.immoscout24.ch/mieten/4001876994
aarau,1â€™490.â€“,CHF 1â€™290.â€“,CHF 200.â€“,1.5,N/A,"Kronengasse 5,",5000 Aarau,"ERFÃœLLEN SIE SICH IHREN WOHNTRAUM UNTER DEN GIEBELN VON AARAU
Wir vermieten diese tolle 1.5-Zimmerwohnung, welche direkt im Zentrum der schÃ¶nen Aarauer Altstadt liegt, per sofort oder nach Vereinbarung.
Gerne stellen wir Ihnen die Wohnung vor:
Attraktive, grosszÃ¼gige WohnrÃ¤ume
KÃ¼che mit Backofen, Kochherd und grossem KÃ¼hlschrank
Badezimmer mit Dusche, WC und Lavabo
Waschmaschine und Tumbler im Gemeinschaftsraum
Eigene Abstellbox im Treppenhaus
Sie erreichen eine Vielzahl an EinkaufsmÃ¶glichkeiten, Restaurants und CafÃ©s in umliegender Gehdistanz. Geniessen Sie ebenfalls die NÃ¤he zur Aare und schÃ¶nen Naherholungsgebieten. Die Stadt Aarau ist bestens an den Ã¶ffentlichen Verkehr angebunden.
Haben wir Ihr Interesse geweckt? Vereinbaren Sie noch heute einen unverbindlichen Besichtigungstermin unter miete@arimo.ch oder 062 865 05 05. Wir freuen uns auf Ihre Kontaktaufnahme und stehen bei Fragen gerne zur VerfÃ¼gung.",,"{'VerfÃ¼gbarkeit:': 'Sofort', 'Objekttyp:': 'Wohnung', 'Anzahl Zimmer:': '1.5', 'Anzahl Badezimmer:': '1', 'Etage:': '3'}",https://www.immoscout24.ch/mieten/4001869450
aarau,4â€™871.â€“,CHF 4â€™331.â€“,CHF 540.â€“,8.5,"186
m2","Buchserstrasse 9/11,",5000 Aarau,"Das Aeschbachquartier Aarau ist mehr als ein Wohnort - es ist ein Zuhause in einem aufregenden neuen StÃ¼ck Stadt.

Die Altstadt und der Bahnhof Aarau liegen wenige Gehminuten entfernt. Von Aarau ist man im Handumdrehen in allen Ecken der Schweiz. Das macht die Stadt zum idealen Wohnort - auch fÃ¼r Pendler.

Alle Eckdaten im Ãœberblick:
- Moderne, offen gestaltete KÃ¼che mit KÃ¼cheninsel
- Parkett im gesamten Wohnbereich
- GrosszÃ¼giges Badezimmer mit Badewanne und Doppellavabo
- Waschmaschine / Tumbler
- WohnungslÃ¼ftung
- Minergie und DGNB zertifiziert
- Balkon/AussenflÃ¤che in Form eines Laubengangs

Ein vielfÃ¤ltiges Quartierangebot mit diversen GeschÃ¤ften, der geschichtstrÃ¤chtigen Aeschbachhalle und dem im Quartier gelegene Oehler Park runden dieses tolle Wohnungsangebot ab.

Profitieren Sie Ã¼ber das digitale Mieterportal von verschiedenen buchbaren Services wie Wohnungsreinigung, Lampenmontage, Ferienservice und vieles mehr (ErklÃ¤rvideo: https://vimeo.com/418375000).

Ãœberzeugen Sie sich von dem hohen Ausbaustandard und dem tollen Quartierangebot - mehr dazu auf www.aeschbachquartier.ch

Bitte beachten Sie, dass die Fotos einer Wohnung mit derselben Materialisierung entsprechen.","Balkon / Terrasse, Lift","{'VerfÃ¼gbarkeit:': 'Sofort', 'Objekttyp:': 'Wohnung', 'Anzahl Zimmer:': '8.5', 'Etage:': '2', 'WohnflÃ¤che:': '186 m2'}",https://www.immoscout24.ch/mieten/4001497208
aarau,2â€™500.â€“,CHF 1â€™700.â€“,CHF 800.â€“,6.5,"201
m2","KÃ¼ttigerstrasse 16,",5000 Aarau,"Folgende Wohnungsausstattung wird Sie Ã¼berzeugen:

- KÃ¼che mit Glaskeramik, GeschirrspÃ¼ler, Mikrowelle und viel Stauraum
- grosses Badezimmer mit Badewanne, Dusche, WC, Bidet
- GÃ¤stebad
- zusÃ¤tzliches WC mit Lavabo
- Grosses Wohnzimmer mit ChimeneÃ© und Zugang zur Terrasse
- 4 Schlafzimmer
- grosser Hauswirtschaftsraum mit Waschmaschine/Tumbler
- grosser Estrich
- riesige Terrasse (teilweise Ã¼berdacht) mit AussenchimeneÃ©

Achtung es hat keinen Lift!

Bushaltstelle 2min entfernt und EinkaufsmÃ¶glichkeiten 500m.

Gerne stehen wir Ihnen fÃ¼r weitere Informationen zur VerfÃ¼gung. ZÃ¶gern Sie nicht uns zu kontaktieren.","Balkon / Terrasse, CheminÃ©e, Aussicht, Parkplatz","{'VerfÃ¼gbarkeit:': 'Sofort', 'Objekttyp:': 'Wohnung', 'Anzahl Zimmer:': '6.5', 'Etage:': '2', 'WohnflÃ¤che:': '201 m2'}",https://www.immoscout24.ch/mieten/4001827697
aarau,770.â€“,CHF 720.â€“,CHF 50.â€“,1,"13
m2","GÃ¶nhardweg 2,",5000 Aarau,"Wir vermieten diese 1-Zimmerwohnung an ruhiger Lage, welche sich ideal fÃ¼r Singles und/oder Wochenaufenthalter eignet. Das Wohnobjekt bietet Ihnen die folgenden Annehmlichkeiten:

- ganze Wohnung mit Plattenboden
- moderne KÃ¼che
- mit Glaskeramikherd und GeschirrspÃ¼ler
- mit Backofen
- Gemeinschaftsbadezimmer mit Dusche
- Lift vorhanden

Es handelt sich um Musterbilder, welche den Ausbaustandard der Wohnung zeigen und leicht vom angebotenen Objekt abweichen kÃ¶nnen. Die genaue Raumaufteilung entnehmen Sie bitte dem Grundriss.

EinstellplÃ¤tze kÃ¶nnen fÃ¼r CHF 145.00 im Monat dazu gemietet werden.

Bitte beachten Sie, dass diese Wohnung mit den anderen Studiowohnungen ein Gemeinschaftsbad teilt.

Direkt vor der Liegenschaft befindet sich die Bushaltestelle Buchenhof, welche durch die Buslinien 5 und 7 bedient wird. Der Bahnhof Aarau ist aber auch bequem in einem 10-minÃ¼tigen Spaziergang erreichbar.

Das schÃ¶ne Ambiente in der Altstadt von Aarau macht das Einkaufen zu einem besonderen Erlebnis. Ebenfalls finden Sie zusÃ¤tzlich unzÃ¤hlige Bars und Restaurants.

Die Stadt Aarau hat in puncto Freizeitgestaltung fÃ¼r jeden etwas passendes anzubieten. Erholungssgebiete liegen vor der HaustÃ¼r. Wege der Aare entlang laden zum Spazieren, Joggen, Biken oder Skaten ein.

Haben wir Ihr Interesse geweckt?

Dann kontaktieren Sie uns direkt im Onlineinserat Ã¼ber ""Anbieter kontaktieren"". Sie erhalten anschliessend eine automatisierte E-Mail mit den Besichtigungsinformationen sowie der MÃ¶glichkeit, sich digital auf die Wohnung zu bewerben und/oder uns allfÃ¤llige Fragen zu stellen.

Wir freuen uns auf Ihre digitale Bewerbung nach der Besichtigung.",Lift,"{'VerfÃ¼gbarkeit:': '01.05.2025', 'Objekttyp:': 'Studio', 'Anzahl Zimmer:': '1', 'Etage:': '5', 'WohnflÃ¤che:': '13 m2', 'Letztes Renovationsjahr:': '2017', 'Baujahr:': '1932'}",https://www.immoscout24.ch/mieten/4001996207
aarau,1â€™730.â€“,CHF 1â€™440.â€“,CHF 290.â€“,4.5,"92
m2","Tannengut 6,",5000 Aarau,"Wir sind auf der Suche nach einer neuen Mieterschaft fÃ¼r diese schÃ¶ne 4.5-Zimmerwohnung. Das Wohnobjekt befindet sich an ruhiger Lage und bietet Ihnen die folgende Ausstattung:

- Wohnzimmer mit Parkettboden
- Zimmer mit Linoleumboden
- EinbauschrÃ¤nke im Korridor
- KÃ¼che
- mit Glaskeramikherd
- Bad/WC
- separates WC
- sonniger Balkon

Es handelt sich um Musterbilder, welche den Ausbaustandard der Wohnung zeigen und leicht vom angebotenen Objekt abweichen kÃ¶nnen. Die genaue Raumaufteilung entnehmen Sie bitte dem Grundriss.

An dieser Stelle machen wir Sie darauf aufmerksam, dass die KÃ¼che und das Bad saniert wurden.

Ein Einstellplatz in der Tiefgarage kann fÃ¼r CHF 120.00 pro Monat oder ein Abstellplatz fÃ¼r CHF 60.00 pro Monat dazu gemietet werden.

Die Fachhochschule ""Aarau"" befindet sich in der nÃ¤heren Umgebung.

In wenigen Gehminuten erreichen Sie die Busstation ""Rombach, Rombacherhof"", von der Sie mit dem Bus direkt zum Bahnhof Aarau, Frick und Laufenburg gelangen.

Wollen Sie die kÃ¼nftigen Mieter dieses Wohntraums werden?
Dann kontaktieren Sie uns direkt im Onlineinserat Ã¼ber ""Anbieter kontaktieren"". Sie erhalten anschliessend eine automatisierte E-Mail mit den Besichtigungsinformationen sowie der MÃ¶glichkeit, sich digital auf die Wohnung zu bewerben und/oder uns allfÃ¤llige Fragen zu stellen.

Wir freuen uns auf Ihre digitale Bewerbung nach der Besichtigung.","Kabel-TV, Parkplatz, Garage, Lift","{'VerfÃ¼gbarkeit:': '16.05.2025', 'Objekttyp:': 'Wohnung', 'Anzahl Zimmer:': '4.5', 'Etage:': '3', 'WohnflÃ¤che:': '92 m2', 'Letztes Renovationsjahr:': '1983', 'Baujahr:': '1959'}",https://www.immoscout24.ch/mieten/4001895604
aarau,2â€™250.â€“,CHF 1â€™660.â€“,CHF 590.â€“,N/A,N/A,"Laurenzenvorstadt 89,",5000 Aarau,"In unmittelbarer NÃ¤he zum Bahnhof und der charmanten Aarauer Altstadt bieten wir Ihnen nach Vereinbarung die seltene Gelegenheit, einen einzigartigen GewÃ¶lbekeller in einem der geschichtstrÃ¤chtigsten GebÃ¤ude der Stadt zu mieten.

Der GewÃ¶lbekeller befindet sich im renommierten SaurerlÃ¤nderhaus, einem denkmalgeschÃ¼tzten Bauwerk aus dem Jahr 1835. Dieser besondere Ort erzÃ¤hlt die Geschichte vergangener Zeiten und vereint historische Eleganz mit einer unvergleichlichen AtmosphÃ¤re.

Die massive Steinarchitektur und die geschwungenen BÃ¶gen des Kellers verleihen dem Raum einen einzigartigen Charme, der jeden Besucher in seinen Bann zieht - dieser Raum bietet Ihnen eine unvergleichliche Kulisse.

Neben dem charaktervollen GewÃ¶lbekeller stehen Ihnen zwei weitere, vielseitig nutzbare RÃ¤ume sowie eine moderne KÃ¼che mit sÃ¤mtlichen GerÃ¤ten zur VerfÃ¼gung.

Die RÃ¤umlichkeiten umfassen zudem eine gepflegte Toilettenanlage.

Wir laden Sie herzlich ein, uns zu kontaktieren und diese einmaligen RÃ¤umlichkeiten fÃ¼r Ihre Ideen und Visionen zu entdecken.

Ihre Ideen verdienen einen besonderen Ort - und wir freuen uns, Ihnen genau diesen bieten zu kÃ¶nnen.",,"{'VerfÃ¼gbarkeit:': 'Sofort', 'Objekttyp:': 'Kellerabteil', 'Etage:': '-1', 'NutzflÃ¤che:': '249 m2', 'Baujahr:': '1835'}",https://www.immoscout24.ch/mieten/4001421306
aarau,2â€™530.â€“,CHF 2â€™270.â€“,CHF 260.â€“,4.5,"103
m2","Delfterstrasse 15a,",5000 Aarau,"On y va ist, dank der Bushaltestelle direkt vor der TÃ¼r, nur drei Busminuten vom Bahnhof entfernt. Der Autobahnanschluss ist ebenfalls in KÃ¼rze erreicht. Nicht nur deshalb entwickelt sich das Quartier Telli zu einem gefragten Wohngebiet - es ist alles da, was ein gutes Quartier ausmacht. Die Post, Primarschule, die Sportanlage mit Hallenbad und Einkaufszentrum sind in wenigen Gehminuten erreichbar. Selbst das Ufer der Aare liegt in bequemer NÃ¤he fÃ¼r einen Abendspaziergang oder eine Joggingrunde.

Die VorzÃ¼ge Ihrer Wohnung im Ãœberblick:

- KÃ¼che
- Wohn- und Esszimmer
- drei Schlafzimmer
- zwei Badezimmer (Bad/WC und Dusche/WC
- Reduit
- eigener Waschturm
- Balkon
- Minergie-Standard

Anrufen. Besichtigen. Mieten.
Freuen Sie sich auf ruhiges Wohnen? Dann vereinbaren Sie noch heute einen Termin zur Besichtigung.

Als Mieter profitieren Sie von 40% Rabatt auf Ihre erste JahresprÃ¤mie fÃ¼r ausgewÃ¤hlte Helvetia Versicherungsprodukte!

Bei den publizierten Bildern handelt es sich um typenÃ¤hnliche / typengleiche Wohnungen. Abweichungen zum effektiven Angebot sind deshalb mÃ¶glich.

Weitere interessante Mietobjekte finden Sie unter: www.helvetia.ch/immobilien","Haustiere erlaubt, Balkon / Terrasse, Kabel-TV, Aussicht, RollstuhlgÃ¤ngig, Parkplatz, Garage, Lift, Minergie zertifiziert, Minergie Bauweise","{'VerfÃ¼gbarkeit:': '16.06.2025', 'Objekttyp:': 'Wohnung', 'Anzahl Zimmer:': '4.5', 'Etage:': '2', 'WohnflÃ¤che:': '103 m2', 'Baujahr:': '2014'}",https://www.immoscout24.ch/mieten/4001989987
aarau,2â€™490.â€“,CHF 2â€™260.â€“,CHF 230.â€“,3.5,"128
m2","Hintere Bahnhofstrasse 83,",5000 Aarau,"Per 01.07.2025 vermieten wir diese schÃ¶ne und moderne 3.5-Zimmerwohnung in Aarau.

Die Wohnung bietet Ihnen folgende Annehmlichkeiten:

- Wohn- und Schlafzimmer mit Parkettboden
- KÃ¼che und Nasszellen mit dunklem pflegeleichtem Plattenboden
- Grosses Wohnzimmer mit viel Tageslicht
- Helle und gerÃ¤umige Schlafzimmer
- KÃ¼che mit Glaskeramikherd, GeschirrspÃ¼ler, Backofen und ausreichend Stauraum fÃ¼r Ihre KÃ¼chenutensilien
- Badezimmer mit WC, Lavabo, Spiegelschrank und Badewanne
- Dusche mit Lavabo, WC, Spiegelschrank und eigenem Waschturm (Waschmaschine und Trockner)
- Reduit fÃ¼r zusÃ¤tzlichen Stauraum
- Eingangsbereich mit praktischen EinbauschrÃ¤nken
- Grosser Balkon fÃ¼r gemÃ¼tliche Sonnenstunden
- Eigenes Kellerabteil

Haustiere sind erlaubt.

Nach VerfÃ¼gbarkeit kann ein Einstellplatz fÃ¼r CHF 140.00 pro Monat dazu gemietet werden.

Umgebung:

- Diverse EinkaufsmÃ¶glichkeiten befinden sich in unmittelbarer NÃ¤he
- Sehr gute AnschlÃ¼sse an die Autobahn und den Ã¶ffentlichen Verkehr
- Das Stadtzentrum und der Bahnhof Aarau sind bequem zu Fuss zu erreichen
- Verschiedenste Wanderwege entlang der Aare bieten Raum zur Erholung

Bitte beachten Sie, dass die Bilder als Referenzbilder dienen und vom Original abweichen kÃ¶nnen.

Haben wir Ihr Interesse geweckt? FÃ¼r einen Besichtigungstermin kontaktieren Sie uns bitte schriftlich Ã¼ber das Kontaktformular. Wir freuen uns auf Ihre Anfrage.",Lift,"{'VerfÃ¼gbarkeit:': '01.07.2025', 'Objekttyp:': 'Wohnung', 'Anzahl Zimmer:': '3.5', 'Etage:': '2', 'WohnflÃ¤che:': '128 m2'}",https://www.immoscout24.ch/mieten/4001977155
aarau,1â€™550.â€“,CHF 1â€™290.â€“,CHF 260.â€“,3,"66
m2","Im Ifang 2,",5000 Aarau,"IHR NEUES ZUHAUSE IN AARAU
Wir vermieten per 01.05.2025 oder nach Vereinbarung diese schÃ¶ne 3.0-Zimmerwohnung:
KÃ¼che mit GeschirrspÃ¼ler und viel praktischem Stauraum und AblageflÃ¤che
GrosszÃ¼giges Wohnzimmer mit Zugang zum sonnigen, gedeckten Balkon
Zwei Schlafzimmer
Badezimmer mit Badewanne und Fenster
Alle Zimmer sind mit Parkett ausgestattet. In KÃ¼che und Badezimmer ist ein Plattenboden verlegt.
Sonniger Balkon, welcher zum Verweilen einlÃ¤dt
Gemeinsame WaschkÃ¼che und Trocknungsraum im Untergeschoss
Separates Kellerabteil im Untergeschoss
Velounterstand beim Hauseingang
Die Wohnung ist mit den Ã¶ffentlichen Verkehrsmitteln gut erreichbar (Bushaltestelle Ifang und Dammweg). Das GebÃ¤ude befindet sich ein paar Gehminuten von der Altstadt, Hirslanden Klinik, Kindergarten, Oberstufenschulhaus, Sporthalle, Wildpark Roggenhausen, dem Schwimmbad und der Pferderennbahn Schachen usw. entfernt. Ein weiteres Highlight ist die NÃ¤he zum wunderschÃ¶nen Fluss Aare.
Melden Sie sich bei uns unter miete@arimo.ch oder 062 865 05 05 fÃ¼r einen Besichtigungstermin und lassen Sie sich vor Ort von der Wohnung Ã¼berzeugen!",Balkon / Terrasse,"{'VerfÃ¼gbarkeit:': '01.05.2025', 'Objekttyp:': 'Wohnung', 'Anzahl Zimmer:': '3', 'Etage:': '3', 'WohnflÃ¤che:': '66 m2'}",https://www.immoscout24.ch/mieten/4001938254
aarau,3â€™900.â€“,N/A,N/A,5.5,N/A,"Imhofstrasse 16,",5000 Aarau,"In einem beliebten Aarauer Quartier, unweit des Kantonsspitals, vermieten wir dieses 5.5 Zimmereinfamilienhaus. Folgende Merkmale zeichnen diese Liegenschaft besonders aus:
-          Ruhige Lage und dennoch zentral gelegen
-          Charmantes Haus mit Charakter
-          900m2 GrundstÃ¼ckflÃ¤che mit diversen SitzmÃ¶glichkeiten im Freien
-          GrosszÃ¼gige und sonnige Terrasse
-          Gepflegter Pool zum AbkÃ¼hlen
-          Schwedenofen
-          GrosszÃ¼gige Zimmer durch Anbau von 1980
-          2 Wohnetagen
-          eigene Werkstatt im UG mit Fenster
-          Viel Stauraum im Keller und Estrich
-          1 Garage und 2 AussenabstellplÃ¤tze
-          Weinkeller
-          Ã–lheizung
-          Nebenkosten gehen direkt zu Lasten der Mieter
Sind Sie an dieser einmaligen Gelegenheit interessiert? (vorÃ¼bergehender Spezialpreis) Kommen Sie vorbei und Ã¼berzeugen sich selbst! Wir freuen uns auf Ihren Anruf!","Balkon / Terrasse, GeschirrspÃ¼ler, Waschmaschine, Kabel-TV, CheminÃ©e, Ruhige Lage, Kinderfreundlich, Parkplatz, Garage, Swimmingpool","{'VerfÃ¼gbarkeit:': 'Sofort', 'Objekttyp:': 'Einfamilienhaus', 'Anzahl Zimmer:': '5.5', 'Anzahl Etagen:': '2', 'NutzflÃ¤che:': '900 m2', 'Letztes Renovationsjahr:': '2022', 'Baujahr:': '1935'}",https://www.immoscout24.ch/mieten/4001756283
aarau,1â€™790.â€“,CHF 1â€™490.â€“,CHF 300.â€“,3.5,"82
m2","RÃ¼tmattstrasse 11,",5004 Aarau,"ğŸ“ Adresse: RÃ¼tmattweg 11, 5004 Aarau ğŸ“… VerfÃ¼gbar ab: 01.05.2025 ğŸ“ GrÃ¶sse: 82mÂ²
Sind Sie auf der Suche nach einer Wohnung in ruhiger und dennoch zentraler Lage? Diese helle 3.5-Zimmer-Wohnung im 1. Obergeschoss eines gepflegten Mehrfamilienhauses bietet Ihnen modernes Wohnen mit zahlreichen Annehmlichkeiten.
Die Wohnung befindet sich in einer ruhigen Wohngegend mit EinkaufsmÃ¶glichkeiten (Migros, Coop, Denner) in unmittelbarer NÃ¤he. Das Stadtzentrum von Aarau ist nur wenige Minuten entfernt und bequem mit Auto oder Ã¶ffentlichen Verkehrsmitteln erreichbar.
HIGHLIGHTS DER WOHNUNG:
âœ… Frisch gestrichene WÃ¤nde â€“ Die Wohnung wird vor Ihrem Einzug neu gestrichen!
âœ… Moderne KÃ¼che & Bad (2017 renoviert) â€“ ZeitgemÃ¤sse Ausstattung mit hochwertigen GerÃ¤ten und stilvollem Design.
âœ… Helles Wohnzimmer mit Essbereich â€“ Offene Raumgestaltung und viel Tageslicht fÃ¼r eine angenehme WohnatmosphÃ¤re.
âœ… Zwei gemÃ¼tliche Schlafzimmer â€“ Perfekt fÃ¼r Paare, kleine Familien oder als BÃ¼ro/GÃ¤stezimmer.
âœ… Laminatboden in der gesamten Wohnung â€“ 2010 verlegt, zeitgemÃ¤ss und pflegeleicht.
âœ… Balkon mit Reduit â€“ Sonnige Ausrichtung mit zusÃ¤tzlichem Stauraum.
âœ… Gut unterhaltenes GebÃ¤ude â€“ Dachisolation & Wasserleitungen 2017 erneuert.
âœ… Waschraum direkt gegenÃ¼ber der Wohnung â€“ Praktische Nutzung mit den Nachbarn.
âœ… Garagenparkplatz inklusive â€“ Sicheres Parken in der Tiefgarage (CHF 100.00/Monat).
Mietzins:
Netto: CHF 1'490.00
Akonto Nebenkosten: CHF 300.00
Brutto: CHF 1'790.00
ğŸ“ Interesse geweckt? Kontaktieren Sie uns mittels Kontaktformular oder per Mail an truc.ho@btp-immobilien.ch fÃ¼r eine Besichtigung!","Balkon / Terrasse, GeschirrspÃ¼ler, Kinderfreundlich, Garage","{'VerfÃ¼gbarkeit:': '01.05.2025', 'Objekttyp:': 'Wohnung', 'Anzahl Zimmer:': '3.5', 'Anzahl Badezimmer:': '1', 'Etage:': '1', 'WohnflÃ¤che:': '82 m2', 'Letztes Renovationsjahr:': '2025', 'Baujahr:': '1919'}",https://www.immoscout24.ch/mieten/4001985916
aarau,2â€™230.â€“,CHF 2â€™025.â€“,CHF 205.â€“,2.5,N/A,"Hintere Bahnhofstrasse 48,",5000 Aarau,"Arbeitsweg minimieren - Freizeit maximieren
Im neuen Areal Bahnhof SÃ¼d, Aarau (Bahnhof AVA, ehemals WSB Bahnhof), vermieten wir per 1.5.2025 eine moderne 2.5.-Zimmer-Wohnung im gehobenen Ausbaustandard mit zeitgemÃ¤ssen Grundrissen. 
Website: bahnhof-sÃ¼d-aarau.ch.
 
Dank einer Wohnung im neuen Bahnhof SÃ¼d, Aarau, verlieren Sie keine Zeit mit Umsteigen oder dem Abwarten von AnschlusszÃ¼gen. Selbst auf allfÃ¤llige VerspÃ¤tungen kÃ¶nnen Sie spontan und kurzfristig bequem von zu Hause aus reagieren. GeschÃ¼tzt von Wind und Wetter erreichen Sie die Perrons von SBB und AVA innert kÃ¼rzester Zeit und bei jedem Wetter trockenen Fusses; bei Bedarf gestÃ¤rkt vom Angebot einer BÃ¤ckerei und verschiedenen Take Aways. So erreichen Sie Ihren Arbeitsplatz in ZÃ¼rich, Basel, Bern oder Luzern staufrei und entspannt.
 
Die Wohnungen Ã¼berzeugen durch einen hohen Ausbaustandard und die QualitÃ¤t der Grundrisse. Zur Ã¼berdurchschnittlichen WohnqualitÃ¤t trÃ¤gt insbesondere die grosszÃ¼gige RaumhÃ¶he bei. Jede Wohnung verfÃ¼gt Ã¼ber einen eigenen Waschturm, Parkett, RaumkÃ¼hlung (TABS) sowie eine grosszÃ¼gie Loggia (ausgenommen 1.5 Zimmer Wohnung). (Hobby-)KÃ¶che geniessen den Komfort eines Induktionsherds und einer ArbeitsflÃ¤che aus Naturstein. Praktischen Stauraum bietet das Reduit oder das zugehÃ¶rige Kellerabteil. SelbstverstÃ¤ndlich sind alle Wohnungen barrierefrei konzipiert.
ParkplÃ¤tze, teilweise mit der MÃ¶glichkeit zum Einbau einer Ladestation, kÃ¶nnen in der Tiefgarage dazugemietet werden.
Wir freuen uns auf Ihre Kontaktaufnahme.","Haustiere erlaubt, Waschmaschine, Tumbler, Kabel-TV, Lift","{'VerfÃ¼gbarkeit:': '01.05.2025', 'Objekttyp:': 'Wohnung', 'Anzahl Zimmer:': '2.5', 'Etage:': '5', 'NutzflÃ¤che:': '75 m2', 'RaumhÃ¶he:': '2.57 m', 'Baujahr:': '2023'}",https://www.immoscout24.ch/mieten/4001997505
aarau,1â€™710.â€“,CHF 1â€™500.â€“,CHF 210.â€“,4.5,"83
m2","Delfterstr. 25,",5004 Aarau,"In der schÃ¶nen Telli Ãœberbauung vermieten wir die folgende attraktive Wohnung. welche wie folgt ausgestattet ist:

- Wohnbereich und Korridor mit Parkett
- SchlafrÃ¤ume mit Parkett
- Moderne KÃ¼che mit GeschirrspÃ¼ler und Glaskeramik
- Bad mit Badewanne
- Sep. WC
- Praktische EinbauschrÃ¤nke
- 2 Balkone, einer davon mit Reduit
- EinstellplÃ¤tze Ã  CHF 100.-/mtl.

Weitere Angebote finden Sie unter: www.telliportal.ch

Fotos kÃ¶nnen teilweise vom Original abweichen.

Haben wir Ihr Interesse geweckt? Wir freuen uns auf Ihre Kontaktaufnahme.","Haustiere erlaubt, Balkon / Terrasse, Kabel-TV, Kinderfreundlich, Garage, Lift","{'VerfÃ¼gbarkeit:': '01.05.2025', 'Objekttyp:': 'Wohnung', 'Anzahl Zimmer:': '4.5', 'Etage:': '2', 'WohnflÃ¤che:': '83 m2', 'Kubatur:': '199 m3', 'Letztes Renovationsjahr:': '2005', 'Baujahr:': '1976'}",https://www.immoscout24.ch/mieten/4001997059
aarau,1â€™875.â€“,CHF 1â€™620.â€“,CHF 255.â€“,4.5,"100
m2","Delfterstr. 39,",5004 Aarau,"Wir vermieten folgende Wohnung in der Telli-Ãœberbauung:

- GrosszÃ¼giger Grundriss
- KÃ¼che mit Glaskeramikkochherd und GeschirrspÃ¼ler
- 2 Balkone, einer davon mit einem Reduit
- Badezimmer mit Badewanne
- ZusÃ¤tzliches sep. WC
- Eigener Abstellraum in der Wohnung
- EinbauschrÃ¤nke vorhanden
- Kindergarten in der Ãœberbauung
- SportmÃ¶glichkeiten vorhanden
- EinkaufsmÃ¶glichkeiten und Ã¶V in unmittelbarer NÃ¤he
- EinstellplÃ¤tze Ã  CHF 100.â€“/mtl. vorhanden

Fotos kÃ¶nnen vom Original abweichen.

Weitere Angebote finden Sie unter www.telliportal.ch.

Sind Sie interessiert? ZÃ¶gern Sie nicht, uns zu kontaktieren!","Haustiere erlaubt, Balkon / Terrasse, Kabel-TV, Kinderfreundlich, Garage, Lift","{'VerfÃ¼gbarkeit:': '01.05.2025', 'Objekttyp:': 'Wohnung', 'Anzahl Zimmer:': '4.5', 'Etage:': '4', 'WohnflÃ¤che:': '100 m2', 'Kubatur:': '240 m3', 'Letztes Renovationsjahr:': '2007', 'Baujahr:': '1979'}",https://www.immoscout24.ch/mieten/4001976759
aarau,135.â€“,CHF 125.â€“ /m2/Jahr,CHF 10.â€“ /m2/Jahr,N/A,N/A,"Bahnhofstrasse 28,",5000 Aarau,"Im Zentrum von Aarau vermieten wir zur Nutzung als Lager oder Archiv folgende RÃ¤ume in den Untergeschossen der Liegenschaft BEHMEN:
- ca. 125.5 m2 im 1. UG (CHF 1'415 monatlich)
- ca. 40 m2 im 3. UG (CHF 523 monatlich)
- ca. 25 m2 im 2. UG (CHF 295 monatlich)

Der Zugang ist via Treppe oder Lift vom Hauseingang im Parterre oder via BEHMEN-Parking gegeben.

FÃ¼r AuskÃ¼nfte und zur Vereinbarung eines Besichtigungstermins stehen wir Ihnen gerne zur VerfÃ¼gung. Wir freuen uns Ã¼ber Ihre Mail an jessica.haeusler@intercitygribi.ch oder Ihren Anruf auf 058 123 57 18.",,"{'VerfÃ¼gbarkeit:': 'Nach Vereinbarung', 'Objekttyp:': 'Hobbyraum', 'Etage:': '-1', 'NutzflÃ¤che:': '126 m2', 'Baujahr:': '2000'}",https://www.immoscout24.ch/mieten/4001332804
aarau,1â€™550.â€“,CHF 1â€™300.â€“,CHF 250.â€“,2,"51
m2","KÃ¼ttigerstrasse 6,",5000 Aarau,"Wir vermieten eine schÃ¶ne, helle 2-Zimmerwohnung an bester Lage! Die Wohnung bietet Ihnen folgende Vorteile:

- moderne KÃ¼che mit Granitabdeckung, Glaskeramikherd und GeschirrspÃ¼ler
- helle Nasszelle mit Badewanne und Fenster
- Plattenboden in KÃ¼che, Nasszelle und Korridor
- Laminatboden in Wohnzimmer und Schlafzimmer
- Einbauschrank vorhanden
- Balkon fÃ¼r sonnige Stunden
- Keller- und Estrichabteil

Das Stadtzentrum von Aarau ist in nur wenigen Gehminuten erreichbar. Die Sonne und feines Essen geniessen, kÃ¶nnen Sie direkt an der Aare oder in den lauschigen Restaurants, in 5 Gehminuten Entfernung.

Die nÃ¤chste Bushaltestelle befindet sich vor der Liegenschaft.

Interessiert?

Dann melden Sie sich bei uns fÃ¼r einen Besichtigungstermin. Wir freuen uns auf Ihre Mail oder Ihren Anruf.","Haustiere erlaubt, Balkon / Terrasse, Aussicht, Parkplatz","{'VerfÃ¼gbarkeit:': '01.05.2025', 'Objekttyp:': 'Wohnung', 'Anzahl Zimmer:': '2', 'Etage:': '1', 'WohnflÃ¤che:': '51 m2'}",https://www.immoscout24.ch/mieten/4001962980
aarau,810.â€“,CHF 725.â€“,CHF 85.â€“,1,"28
m2","Delfterstr. 28,",5004 Aarau,"In der Telli Ãœberbauung vermieten wir diese kleine, hÃ¼bsche 1- Zimmerwohnung. Diese ist wie folgt ausgestattet:

- GrosszÃ¼giger Grundriss
- KÃ¼che mit Glaskeramikkochfeld
- Ganze Wohnung mit Parkett / Platten
- Bad mit Dusche
- Grosser Balkon
- EinbauschrÃ¤nke
- SportmÃ¶glichkeiten vorhanden
- EinkaufsmÃ¶glichkeiten und Bushaltestelle in unmittelbarer NÃ he
- EinstellplÃ¤tze fÃ¼r CHF 100.-/mtl. vorhanden

Weitere Angebote finden Sie unter www.telliportal.ch

Fotos kÃ¶nnen vom Original abweichen.

Haben wir Ihr Interesse geweckt? Dann freuen wir uns auf Ihre Kontaktaufnahme!","Haustiere erlaubt, Balkon / Terrasse, Kabel-TV, Kinderfreundlich, Garage, Lift","{'VerfÃ¼gbarkeit:': 'Sofort', 'Objekttyp:': 'Wohnung', 'Anzahl Zimmer:': '1', 'Etage:': '6', 'WohnflÃ¤che:': '28 m2', 'Kubatur:': '67 m3', 'Letztes Renovationsjahr:': '2005', 'Baujahr:': '1976'}",https://www.immoscout24.ch/mieten/4001997060
aarau,2â€™000.â€“,CHF 1â€™700.â€“,CHF 300.â€“,4.5,"100
m2","RÃ¼tmattstrasse 15,",5004 Aarau,"Helle 4.5 Zimmer Wohnung in der 6. Etage, mit Blick ins GrÃ¼ne und in in den Park, zu vermieten per 1. Mai 2025 oder nach Vereinbarung.
Mietzins inkl. NK (pauschal) monatlich CHF 2000.00.
Ein Garagen Parkplatz kann fÃ¼r CHF 100.00 dazu gemietet werden.
Die Wohnung weisst folgende Merkmale auf:
Eichenparkett in sÃ¤mtlichen Wohn-, und SchlafrÃ¤umen, sowie im Eingangsbereich
Offene KÃ¼che mit Keramikplatten
Bad/WC sowie GÃ¤ste-WC mit Keramikplatten
Zwei grosszÃ¼gig, gedeckte Balkone, in der gesamten WohnungslÃ¤nge mit Morgen-, und Abendsonne, sowie herrlichem Ausblick in den Park, laden zum geniessen und verweilen ein und sind mit elektrischen Storen mittels Handsender bedienbar
Ein grosses abschliessbares Kellerabteil
Ein Reduit auf dem Balkon mit Regal, Steckdose und Licht
Lift
BesucherparkplÃ¤tze stehen gratis zur VerfÃ¼gung
Zur gemeinsamen Mitbenutzung:
Auto-Waschplatz
Abgeschlossener Veloraum
Grosse, gepflegte WaschkÃ¼che mit Tumbler und separatem Trocknungsraum mit Secomat im 1. OG
Umgebung / Parkanlage:
WunderschÃ¶nes Naherholungsgebiet, Aare, Wald, Park
Wander-, Velowege und vieles mehr
Telli Einkaufszentrum
Ausgezeichnete Infrastruktur wie Spiel-, Basketball, FussballplÃ¤tze usw.
Spielgruppe, Kindergarten und Schule
Fitnesspark Telli
Minigolf
Coiffeur und Kosmetik
Gemeinschaftstreff Telli usw.
Umgebung:
Hallenbad
Sportplatz
Tankstellen
TierfachgeschÃ¤ft Meiko
Tierarzt
Gartencenter
Stadt Aarau - Shopping
Die schÃ¶ne Altstadt von Aarau ist zu Fuss (entlang der Aare) in 15-20 Minuten zu erreichen.
Verkehr / Ã–V:
Autobahnzubringer T5 in unmittelbarer NÃ¤he
Bushaltestelle ca. 200 m entfernt
Der Bus bringt Sie in 5 Minuten zum Bahnhof oder in 7 Minuten in die Altstadt von Aarau
Ausgezeichnete SBB Verbindungen ab Bahnhof Aarau nach ZÃ¼rich, Olten, Basel, Bern, Luzern, etc.
Auch Haustiere sind herzlich willkommen bei uns.
Haben wir Ihr Interesse geweckt? Oder haben Sie Fragen?
Gerne zeigen wir Ihnen unverbindlich, diese schÃ¶ne Mietwohnung und beantworten gerne Ihre Fragen.
Wir freuen uns auf Ihren Anruf unter: 079 455 88 88.","Haustiere erlaubt, Balkon / Terrasse, Reduit, GeschirrspÃ¼ler, Kabel-TV, Aussicht, RollstuhlgÃ¤ngig, Ruhige Lage, Kinderfreundlich, Parkplatz, Garage, Lift, Altbau","{'VerfÃ¼gbarkeit:': '01.05.2025', 'Objekttyp:': 'Wohnung', 'Anzahl Zimmer:': '4.5', 'Etage:': '6', 'WohnflÃ¤che:': '100 m2'}",https://www.immoscout24.ch/mieten/4001982591
aarau,3â€™950.â€“,CHF 3â€™625.â€“,CHF 325.â€“,4.5,"124
m2","BÃ¼hlrain 29,",5000 Aarau,"Diese exklusive Neubau-Wohnung bietet reichlich Platz und eine wunderbare Aussicht. Dazu erfÃ¼llt sie hÃ¶chste AnsprÃ¼che an Wohnkomfort und moderne Ausstattung. Genau das, was Sie sich nur wÃ¼nschen kÃ¶nnen in Ihren vier WÃ¤nden: Moderner und eleganter Innenausbau trifft auf qualitÃ¤ts-sichere Materialien und Design. FÃ¼r das ersehnte WohlfÃ¼hlambiente sorgen die grosszÃ¼gig gestalteten, lichtdurchfluteten RÃ¤ume. Die grossen Fensterfronten gewÃ¤hren Ihnen freien Blick in die natÃ¼rliche Kulisse, wÃ¤hrend die Sonnenstrahlen die RÃ¤ume erfÃ¼llen. Sie kÃ¶nnen nach eigenen Vorstellungen die clever gestalteten RÃ¤ume einrichten und gestalten. Mit den zwei luxuriÃ¶sen Badezimmern bieten wir Komfort und alle Annehmlichkeiten, die Sie suchen. Elegant fÃ¼gt sich die moderne KÃ¼che in den offenen Wohnraum ein und bietet mit den hochwertigen GerÃ¤ten ein weiteres Highlight. Zudem liegt die Wohnung in einem beliebten Quartier mit guter Infrastruktur. Die Umgebung ist ruhig, familienfreundlich und bietet hervorragende Schulen. Gleichzeitig genieÃŸen Sie die NÃ¤he zu Naherholungsgebieten, die zu entspannten SpaziergÃ¤ngen oder sportlichen AktivitÃ¤ten einladen. Der Neubau besticht nicht nur durch seine Ã¤sthetische Architektur, sondern auch durch seinen hohen Ausbaustandard und die neueste GebÃ¤udetechnik - hier wird Wohnen zu einem Erlebnis!


Erfreuen Sie sich nun ab den Highlights dieses attraktiven Angebots: 

- 2x Ã¼berdachte SitzplÃ¤tze mit alleiniger Nutzung eines 234 mÂ² grossen Gartens
- grosse moderne KÃ¼che
- 2x Nasszellen: 2x Dusche mit WC
- Waschmaschine und Tumbler in der Wohnung 
- ParkmÃ¶glichkeiten: 1x Doppel-Tiefgaragenparkplatz ist im Mietpreis inkl.
- grosser Hobbyraum/Disporaum mit 24m2 ist im Mietpreis inkl.
- und vieles mehr...

Lage: Aarau liegt eingebettet im Herzen des siebtgrÃ¶ssten Wirtschaftsraums der Schweiz, dem Aareland. Dieses ist eng vernetzt mit Standorten wie Basel, Bern, ZÃ¼rich und Luzern. Neben Olten und Zofingen zÃ¤hlt Aarau zu den bedeutendsten Zentren der Region und erfÃ¤hrt dementsprechend wirtschaftlichen Aufschwung. Auch in Sachen Kultur, Freizeit und Sport hat Aarau viel zu bieten: Zahlreiche Museen und Freizeitlokale vervollstÃ¤ndigen das Stadtbild, wÃ¤hrend Konzerte, Sportveranstaltungen und Festivals den Aarauer Veranstaltungskalender fÃ¼llen. Die vielen Naherholungsgebiete rund um Aarau laden derweil zum Spazieren, Joggen, Verweilen und TrÃ¤umen ein.

Falls Sie noch weitere Objekte begutachten mÃ¶chten, besuchen Sie uns doch auf www.ardesco.ch.","Aussicht, RollstuhlgÃ¤ngig, Kinderfreundlich, Garage, Lift","{'VerfÃ¼gbarkeit:': 'Nach Vereinbarung', 'Objekttyp:': 'Wohnung', 'Anzahl Zimmer:': '4.5', 'Etage:': 'EG', 'WohnflÃ¤che:': '124 m2', 'Baujahr:': '2025'}",https://www.immoscout24.ch/mieten/4001996556
aarau,3â€™225.â€“,CHF 2â€™850.â€“,CHF 375.â€“,4.5,"113
m2","Hohlgasse 64,",5000 Aarau,"Attraktive 4.5-Zimmer-Gartenwohnung umgeben von viel GrÃ¼n im beliebten Aarauer Wohnquartier
Die drei MehrfamilienhÃ¤user an der Hohlgasse 60/62/64 in Aarau prÃ¤sentieren sich durch ihr unauffÃ¤lliges und stimmig in die Natur eingebettetes Erscheinungsbild als zeitgemÃ¤ss und gepflegt. Dank grosszÃ¼gigen Grundrissen und moderner Ausstattung lebt es sich hier sowohl fÃ¼r Singles als auch fÃ¼r Paare und Familien hervorragend.
Folgende Highlights erwarten Sie:
klar strukturierter Grundriss, gesamte Wohnung / Ãœberbauung barrierefrei
EntrÃ©e mit Einbaugarderobe
lichtdurchfluteter Wohn-/Essbereich mit raumhohen Fensterfronten und Ausgang auf den herrlich besonnten und gedeckten Sitzplatz
offene KÃ¼che mit viel Stauraum
grosszÃ¼giges Elternschlafzimmer
zwei zusÃ¤tzliche Schlaf-/Arbeitszimmer
Offenes Badezimmer mit Wanne, Doppellavabo sowie Waschtisch und grossflÃ¤chigem Spiegel
Dusche mit Lavabo, Spiegelschrank und Toilette
Separates GÃ¤ste-WC
BodenbelÃ¤ge: SÃ¤mtliche Zimmer in Parkett / Wohn- und Essbereich, Korridor und NassrÃ¤ume in Keramikplatten
Kellerabteil im Untergeschoss
Wasch-/TrockenrÃ¤ume im Untergeschoss
Ein Einstellhallenparkplatz kann fÃ¼r CHF 150.-- pro Monat dazu gemietet werden. 
Bitte beachten Sie, dass es sich bei den Fotos um Symbolbilder einer gleichartigen Wohnung der identischen Ãœberbauung handelt. 
Haben wir Ihr Interesse geweckt? Wir freuen uns auf Ihre Kontaktaufnahme.","Balkon / Terrasse, Kinderfreundlich, Garage, Lift","{'VerfÃ¼gbarkeit:': '01.05.2025', 'Objekttyp:': 'Wohnung', 'Anzahl Zimmer:': '4.5', 'Etage:': 'EG', 'WohnflÃ¤che:': '113 m2'}",https://www.immoscout24.ch/mieten/4001876741
aarau,2â€™600.â€“,CHF 2â€™600.â€“,N/A,5,"117
m2","Wiesenstrasse 23,",5000 Aarau,"Wir vermieten ab dem 1. April 2025 in Aarau eine Liegenschaft mit viel Charme.
 
Das freistehende Einfamilienhaus wurde im Jahre 1913 erstellt und umfasst ein Unter-, Erd-, Ober- und Dachgeschoss.
Die Grundmasse betragen ca. 8 m Ã— 9,5 m und die NettowohnflÃ¤che betrÃ¤gt ca. 117 mÂ².

Die Liegenschaft verfÃ¼gt Ã¼ber ein Wohn-/Esszimmer und drei Schlafzimmer mit EinbauschrÃ¤nken, eine KÃ¼che mit Glaskeramikkochfeld, Dampfabzug, Backofen und GeschirrspÃ¼ler, 
SpÃ¼lbecken in Chromstahl, Fronten in Kunstharz weiss, Abdeckung in Kunstharz grau, ein Badezimmer mit Badewanne sowie ein separates WC im EG.
Im Untergeschoss befinden sich Keller- und TechnikrÃ¤ume.
Im Dachgeschoss hat es einen offenen Dachraum mit Zugang Ã¼ber die Holztreppe, HÃ¶he Firstpfette ca. 2m.

Zur Liegenschaft gibt es keine Parkierung. Vor dem Haus befinden sich Ã¶ffentliche ParkplÃ¤tze.

Das Einfamilienhaus befindet sich an sehr zentraler Lage, die Schulen, das Stadtzentrum und der Bahnhof liegen wenige Gehminuten entfernt.


Besichtigungskontakt:
Frau Dere (EigentÃ¼merin)
Mob: 076 587 45 78
Email: a.dere@gmx.ch

FÃ¼r weitere Informationen oder fÃ¼r einen Besichtigungstermin kÃ¶nnen Sie direkt mit Frau Dere (EigentÃ¼merin) Kontakt aufnehmen.

Weitere Informationen und zusÃ¤tzliche Bilder finden Sie unter folgendem Link: 
https://angebot.home-visit.ch/de/objects/detail/4664763

Weitere Interessante Liegenschaften finden Sie unter: www.home-visit.ch","Balkon / Terrasse, Kabel-TV, Kinderfreundlich","{'VerfÃ¼gbarkeit:': '01.04.2025', 'Objekttyp:': 'Einfamilienhaus', 'Anzahl Zimmer:': '5', 'WohnflÃ¤che:': '117 m2', 'GrundstÃ¼ckflÃ¤che:': '484 m2', 'Kubatur:': '759 m3', 'Baujahr:': '1913'}",https://www.immoscout24.ch/mieten/4001937011
aarau,4â€™200.â€“,CHF 3â€™800.â€“,CHF 400.â€“,4.5,"146
m2","Hohlgasse 60,",5000 Aarau,"Exklusive 4.5-Zimmer-Attikawohnung in beliebtem Aarauer Wohnquartier
Die drei MehrfamilienhÃ¤user an der Hohlgasse 60/62/64 in Aarau prÃ¤sentieren sich durch ihr unauffÃ¤lliges und in der Natur eingebettetes Erscheinungsbild. Dank zeitgemÃ¤ssen Grundrissen und moderner Ausstattung lebt es sich hier sowohl fÃ¼r Singles als auch fÃ¼r Paare und Familien hervorragend.
Folgende Highlights erwarten Sie:
klar strukturierter Grundriss, gesamte Wohnung barrierefrei
direkter Wohnungszugang Ã¼ber die Liftanlage
EntrÃ©e mit Einbaugarderobe
lichtdurchfluteter Wohn-/Essbereich mit raumhohen Fensterfronten und Ausgang auf die herrlich besonnte, sehr grosszÃ¼gige Terrasse
offene KÃ¼che mit viel Stauraum
grosszÃ¼giges Elternschlafzimmer mit separater Terrasse
zusÃ¤tzliches Schlaf-/Arbeitszimmer
Office/Fernsehraum angrenzend an das Wohnzimmer
RÃ©duit mit genÃ¼gend Stauraum
Offenes Badezimmer mit Wanne, Doppellavabo und grossflÃ¤chigen Spiegel
Badezimmer mit Dusche, Lavabo, Spiegelschrank und Toilette
Separates GÃ¤ste-WC
Terrasse (zum Teil gedeckt) mit Blick ins GrÃ¼ne
BodenbelÃ¤ge: SÃ¤mtliche Zimmer in Parkett / Wohn- und Essbereich, Korridor und NassrÃ¤ume in Keramikplatten
Kellerabteil im Untergeschoss
Waschmaschine und Tumbler in der Wohnung
parkÃ¤hnliche Umgebung
EinstellhallenplÃ¤tze kÃ¶nnen fÃ¼r CHF 140.00 pro Monat dazugemietet werden. BesucherparkplÃ¤tze befinden sich vor der Liegenschaft.
Haben wir Ihr Interesse geweckt? Wir freuen uns auf Ihre Kontaktaufnahme.","Balkon / Terrasse, Waschmaschine, Tumbler, Parkplatz, Garage, Lift","{'VerfÃ¼gbarkeit:': 'Nach Vereinbarung', 'Objekttyp:': 'Attikawohnung', 'Anzahl Zimmer:': '4.5', 'Anzahl Badezimmer:': '2', 'Etage:': '2', 'WohnflÃ¤che:': '146 m2', 'NutzflÃ¤che:': '274 m2'}",https://www.immoscout24.ch/mieten/4001901601
aarau,1â€™150.â€“,CHF 1â€™050.â€“,CHF 100.â€“,1,"22
m2","Buchserstrasse 4,",5000 Aarau,"Wir vermieten per 01. Juli 2025 oder nach Vereinbarung eine Studiowohnung im Herzen von Aarau.
Die Wohnungsgrundrisse beinhalten innovative Nutzungsanordnungen, die ein flexibles Wohnen ermÃ¶glichen, und die Wohnungen sind hochwertig mit Holzparkett, fein verputzten WÃ¤nden und raumhohen Fenstern ausgestattet. Das GebÃ¤ude wird nachhaltig mit erneuerbarer Energie und FernwÃ¤rme betrieben und verfÃ¼gt Ã¼ber einen GrÃ¼nraum im Hof.

Auf dem Dach des HauptgebÃ¤udes befindet sich eine multifunktionale Dachterrasse, die als Begegnungsort und urbaner Garten genutzt werden kann. Mieter kÃ¶nnen hier sogar ihre eigenen KrÃ¤uter pflanzen und es gibt abschliessbare Homeoffice-RÃ¤ume sowie eine Tavolata fÃ¼r gemeinsame Mahlzeiten.

FÃ¼r Fahrradfahrer stehen insgesamt 70 Innen- und AussenabstellplÃ¤tze zur VerfÃ¼gung, sowie eine spezielle Velo-Box mit Pump- und Flickstation und Steckdosen fÃ¼r E-Bikes. Im gemeinschaftlich genutzten Garten stehen zudem FitnessgerÃ¤te im Stil von Vita-Parcours zur VerfÃ¼gung.

Das Studio besticht durch folgende Details:

Ausbau
- ca 22m2 WohnflÃ¤che
Â· KÃ¼che mit viel Stauraum und GeschirrspÃ¼ler
Â· lichtdurchflutetes, grosszÃ¼giges Wohnzimmer mit Laminatboden
Â· modernes Badezimmer
Â· Dachterrasse fÃ¼r alle Mieter zur Benutzung

Lage
Â· mitten in der Stadt Aarau
Â· gepflegte Umgebung
Â· EinkaufsmÃ¶glichkeiten in wenigen Gehminuten erreichbar
Â· Ã–ffentliche Verkehrsmittel in unmittelbarer NÃ¤he
Â· nahe des Kantonsspitals Aarau
Â· Ideal fÃ¼r Singels und Personen das Stadtleben geniessen

Haben wir Ihr Interesse geweckt? Dann zÃ¶gern Sie nicht und vereinbaren einen unverbindlichen Besichtigungstermin mit uns. Wir freuen uns auf Sie.","Balkon / Terrasse, Aussicht, Lift","{'VerfÃ¼gbarkeit:': '01.04.2025', 'Objekttyp:': 'Wohnung', 'Anzahl Zimmer:': '1', 'Etage:': '1', 'WohnflÃ¤che:': '22 m2'}",https://www.immoscout24.ch/mieten/4001977813
aarau,1â€™500.â€“,CHF 1â€™100.â€“,CHF 400.â€“,3.5,"100
m2","Gysulastrasse 1,",5000 Aarau,"Die Wohnungsausstattung wird Sie Ã¼berzeugen:

- KÃ¼che mit Glaskeramik, GeschirrspÃ¼ler und Stauraum
- Badezimmer mit Badewanne und Fenster
- GÃ¤stebad mit Fenster
- Wohnzimmer und 2 Schlafzimmer, mit Laminatboden
- Kellerabteil und Estrichabteil

Achtung es hat keinen Lift!

Gerne stehen wir Ihnen fÃ¼r weitere Informationen zur VerfÃ¼gung. ZÃ¶gern Sie nicht uns zu kontaktieren.","Balkon / Terrasse, Aussicht, Parkplatz, Minergie zertifiziert, Minergie Bauweise","{'VerfÃ¼gbarkeit:': 'Sofort', 'Objekttyp:': 'Wohnung', 'Anzahl Zimmer:': '3.5', 'Etage:': '3', 'WohnflÃ¤che:': '100 m2'}",https://www.immoscout24.ch/mieten/4001903538
aarau,1â€™540.â€“,CHF 1â€™290.â€“,CHF 250.â€“,3,"73
m2","WÃ¶schnauring 23,",5000 Aarau,"Entdecken Sie diese sonnige 3-Zimmer-Wohnung im Herzen von Aarau, perfekt gelegen fÃ¼r alle, die stÃ¤dtisches Leben und Natur gleichermassen schÃ¤tzen.
Highlights der Wohnung:
GrosszÃ¼giger Wohnraum: 73 mÂ² WohnflÃ¤che bieten viel Platz zum Leben und Entspannen.
Balkon: Geniessen Sie die warmen Sommertage auf Ihrem eigenen Aussenbereich.
Moderne Ausstattung: Die Wohnung verfÃ¼gt Ã¼ber einen GeschirrspÃ¼ler fÃ¼r zusÃ¤tzlichen Komfort.
Haustierfreundlich: Ihre vierbeinigen Freunde sind hier willkommen!
Parkplatz: Kein Stress bei der Parkplatzsuche dank eigenem Stellplatz.
Aufzug: Bequemer Zugang zur Wohnung im 5. Stock.
Lage und Umgebung:
Ruhige Lage: Geniessen Sie erholsame NÃ¤chte und entspannte Tage in dieser lÃ¤rmgeschÃ¼tzten Umgebung.
Sonnig: Besonders im Sommer profitieren Sie von viel natÃ¼rlichem Licht.
Nahe am Fluss: Perfekt fÃ¼r SpaziergÃ¤nge und Erholung in der Natur.
Gute Anbindung: Der Bahnhof Aarau Torfeld ist nur 13 Minuten mit dem Fahrrad entfernt.
SportmÃ¶glichkeiten: Die Sportanlage Alte Kantonsschule erreichen Sie in nur 11 Minuten mit dem Fahrrad.
Diese Wohnung aus dem Jahr 1953 wurde 2025 renoviert und bietet somit eine gelungene Mischung aus Charme und modernem Komfort. Sie ist ab sofort verfÃ¼gbar und eignet sich hervorragend fÃ¼r Paare, kleine Familien oder Einzelpersonen, die Wert auf LebensqualitÃ¤t und eine zentrale Lage legen.
Nutzen Sie die Chance, in dieser attraktiven Wohnung in Aarau zu leben, wo Sie von der Ruhe der Umgebung profitieren und gleichzeitig alle Annehmlichkeiten der Stadt in Reichweite haben. Vereinbaren Sie noch heute eine Besichtigung und lassen Sie sich von diesem Zuhause begeistern!","Haustiere erlaubt, Balkon / Terrasse, GeschirrspÃ¼ler, Parkplatz, Lift","{'VerfÃ¼gbarkeit:': 'Sofort', 'Objekttyp:': 'Wohnung', 'Anzahl Zimmer:': '3', 'Etage:': '5', 'WohnflÃ¤che:': '73 m2', 'Letztes Renovationsjahr:': '2025', 'Baujahr:': '1953'}",https://www.immoscout24.ch/mieten/4001986566
aarau,930.â€“,CHF 790.â€“,CHF 140.â€“,1,"30
m2","Girixweg 17,",5000 Aarau,"Lage
Die Wohnung liegt zentral. Die nÃ¤chste Busstation ist in wenigen Minuten zu Fuss erreichbar, ebenso das Einkaufscenter Telli.
GebÃ¤udetyp: Mehrfamilienhaus
Beschrieb:
Sehr schÃ¶ne und helle Wohnung. Moderne KÃ¼che mit allem was dazu gehÃ¶rt. Einbauschrank im Korridor. Die Wohnung befindet sich im 2. OG und ist mit einem Lift erschlossen.
Bezug: per 1.6.2025 oder nach Vereinbarung
Interessiert? Wir freuen uns auf Ihren Anruf!",Lift,"{'VerfÃ¼gbarkeit:': '01.06.2025', 'Objekttyp:': 'Wohnung', 'Anzahl Zimmer:': '1', 'Etage:': '1', 'WohnflÃ¤che:': '30 m2', 'NutzflÃ¤che:': '67 m2'}",https://www.immoscout24.ch/mieten/4001950080
aarau,1â€™090.â€“,N/A,N/A,1,"18
m2","Bahnhofplatz 2,",5000 Aarau,"English below
Serviced Studio mit wÃ¶chentlicher Reinigung
Zentral gelegen in der NÃ¤he zu EinkaufsmÃ¶glichkeiten, Bahnhof und Zentrum Aarau zu Fuss in 2 min erreichbar.
Ausstattung: SchÃ¶ne LaminatbÃ¶den, Doppelbett 140 cm, Sessel mit Schreibtisch, Garderobe und Kasten. Badezimmer mit Dusche und WC. WaschkÃ¼che steht zur gemeinsamen Nutzung zur VerfÃ¼gung. Auf Wunsch auch mit Hotelservice, nach Bedarf zusammenstellbar.
GenieÃŸen Sie den Komfort eines voll ausgestatteten Zimmers mit allen Annehmlichkeiten, die Sie fÃ¼r einen lÃ¤ngeren Aufenthalt benÃ¶tigen. Ideal fÃ¼r 1 bis 2 Personen.
Zimmerausstattung:
- Eigenes Badezimmer mit Dusche.
Extras:
- FrÃ¼hstÃ¼ck optional im Hotel â€“ tÃ¤glich buchbar und direkt vor Ort zahlbar.
- Parkplatz in Tiefgarage kann optional dazu gemietet werden (Monatsmiete), oder tageweise an der Ã¶ffentlichen Kasse bezahlt werden
 Miete inkl. Nebenkosten. Nebenkosten beinhalten Wasser, Heizung, Strom und wÃ¶chentliche Reinigung mit BettwÃ¤sche und Handtuchwechsel. TV und Wireless Internet inkl.
Mietbeginn nach Vereinbarung immer zum 1. des Monats, bequem auch buchbar via Internet. Minimum Mietdauer ab 1 Monat.
  English version:
Serviced studio with weekly cleaning
Centrally located close to shopping facilities, train station and centre of Aarau within 2 min walking distance.
Facilities: Beautiful laminate flooring, double bed 140 cm, armchair with desk, wardrobe and cupboard. Bathroom with shower and WC. Laundry room is available for shared use. On request also with hotel service, can be combined as required.
Enjoy the comfort of a fully equipped room with all the amenities you need for a longer stay. Ideal for 1 to 2 people.
Room facilities:
- Private bathroom with shower.
Extras:
- Breakfast optional in the hotel - bookable daily and payable directly on site.
- Parking place in the underground car park can be rented optionally (monthly rent), or paid for on a daily basis at the public cash desk
Rent incl. additional costs. Utilities include water, heating, electricity and weekly cleaning with bed linen and towel change. TV and wireless internet included.
Start of rental by arrangement always by the 1st of the month, can also be conveniently booked via the Internet. Minimum rental period from 1 month","Kabel-TV, Lift","{'VerfÃ¼gbarkeit:': 'Sofort', 'Objekttyp:': 'Studio', 'Anzahl Zimmer:': '1', 'Etage:': '1', 'Anzahl Etagen:': '3', 'WohnflÃ¤che:': '18 m2', 'Letztes Renovationsjahr:': '2015', 'Baujahr:': '1970'}",https://www.immoscout24.ch/mieten/4001959150
aarau,1â€™090.â€“,N/A,N/A,1,"18
m2","Bahnhofplatz 2,",5000 Aarau,"English below
Serviced Studio mit wÃ¶chentlicher Reinigung
Zentral gelegen in der NÃ¤he zu EinkaufsmÃ¶glichkeiten, Bahnhof und Zentrum Aarau zu Fuss in 2 min erreichbar.
Ausstattung: SchÃ¶ne LaminatbÃ¶den, Doppelbett 140 cm, Sessel mit Schreibtisch, Garderobe und Kasten. Badezimmer mit Dusche und WC. WaschkÃ¼che steht zur gemeinsamen Nutzung zur VerfÃ¼gung. Auf Wunsch auch mit Hotelservice, nach Bedarf zusammenstellbar.
GenieÃŸen Sie den Komfort eines voll ausgestatteten Zimmers mit allen Annehmlichkeiten, die Sie fÃ¼r einen lÃ¤ngeren Aufenthalt benÃ¶tigen. Ideal fÃ¼r 1 bis 2 Personen.
Zimmerausstattung:
- Eigenes Badezimmer mit Dusche.
Extras:
- FrÃ¼hstÃ¼ck optional im Hotel â€“ tÃ¤glich buchbar und direkt vor Ort zahlbar.
- Parkplatz in Tiefgarage kann optional dazu gemietet werden (Monatsmiete), oder tageweise an der Ã¶ffentlichen Kasse bezahlt werden
 Miete inkl. Nebenkosten. Nebenkosten beinhalten Wasser, Heizung, Strom und wÃ¶chentliche Reinigung mit BettwÃ¤sche und Handtuchwechsel. TV und Wireless Internet inkl.
Mietbeginn nach Vereinbarung immer zum 1. des Monats, bequem auch buchbar via Internet. Minimum Mietdauer ab 1 Monat.
  English version:
Serviced studio with weekly cleaning
Centrally located close to shopping facilities, train station and centre of Aarau within 2 min walking distance.
Facilities: Beautiful laminate flooring, double bed 140 cm, armchair with desk, wardrobe and cupboard. Bathroom with shower and WC. Laundry room is available for shared use. On request also with hotel service, can be combined as required.
Enjoy the comfort of a fully equipped room with all the amenities you need for a longer stay. Ideal for 1 to 2 people.
Room facilities:
- Private bathroom with shower.
Extras:
- Breakfast optional in the hotel - bookable daily and payable directly on site.
- Parking place in the underground car park can be rented optionally (monthly rent), or paid for on a daily basis at the public cash desk
Rent incl. additional costs. Utilities include water, heating, electricity and weekly cleaning with bed linen and towel change. TV and wireless internet included.
Start of rental by arrangement always by the 1st of the month, can also be conveniently booked via the Internet. Minimum rental period from 1 month","Kabel-TV, Lift","{'VerfÃ¼gbarkeit:': 'Sofort', 'Objekttyp:': 'Wohnung', 'Anzahl Zimmer:': '1', 'Etage:': '1', 'Anzahl Etagen:': '3', 'WohnflÃ¤che:': '18 m2', 'Letztes Renovationsjahr:': '2015', 'Baujahr:': '1970'}",https://www.immoscout24.ch/mieten/4001959148
aarau,1â€™090.â€“,N/A,N/A,1,"18
m2","Bahnhofplatz 2,",5000 Aarau,"English below
Serviced Studio mit wÃ¶chentlicher Reinigung
Zentral gelegen in der NÃ¤he zu EinkaufsmÃ¶glichkeiten, Bahnhof und Zentrum Aarau zu Fuss in 2 min erreichbar.
Ausstattung: SchÃ¶ne LaminatbÃ¶den, Doppelbett 140 cm, Sessel mit Schreibtisch, Garderobe und Kasten. Badezimmer mit Dusche und WC. WaschkÃ¼che steht zur gemeinsamen Nutzung zur VerfÃ¼gung. Auf Wunsch auch mit Hotelservice, nach Bedarf zusammenstellbar.
GenieÃŸen Sie den Komfort eines voll ausgestatteten Zimmers mit allen Annehmlichkeiten, die Sie fÃ¼r einen lÃ¤ngeren Aufenthalt benÃ¶tigen. Ideal fÃ¼r 1 bis 2 Personen.
Zimmerausstattung:
- Eigenes Badezimmer mit Dusche.
Extras:
- FrÃ¼hstÃ¼ck optional im Hotel â€“ tÃ¤glich buchbar und direkt vor Ort zahlbar.
- Parkplatz in Tiefgarage kann optional dazu gemietet werden (Monatsmiete), oder tageweise an der Ã¶ffentlichen Kasse bezahlt werden
 Miete inkl. Nebenkosten. Nebenkosten beinhalten Wasser, Heizung, Strom und wÃ¶chentliche Reinigung mit BettwÃ¤sche und Handtuchwechsel. TV und Wireless Internet inkl.
Mietbeginn nach Vereinbarung immer zum 1. des Monats, bequem auch buchbar via Internet. Minimum Mietdauer ab 1 Monat.
  English version:
Serviced studio with weekly cleaning
Centrally located close to shopping facilities, train station and centre of Aarau within 2 min walking distance.
Facilities: Beautiful laminate flooring, double bed 140 cm, armchair with desk, wardrobe and cupboard. Bathroom with shower and WC. Laundry room is available for shared use. On request also with hotel service, can be combined as required.
Enjoy the comfort of a fully equipped room with all the amenities you need for a longer stay. Ideal for 1 to 2 people.
Room facilities:
- Private bathroom with shower.
Extras:
- Breakfast optional in the hotel - bookable daily and payable directly on site.
- Parking place in the underground car park can be rented optionally (monthly rent), or paid for on a daily basis at the public cash desk
Rent incl. additional costs. Utilities include water, heating, electricity and weekly cleaning with bed linen and towel change. TV and wireless internet included.
Start of rental by arrangement always by the 1st of the month, can also be conveniently booked via the Internet. Minimum rental period from 1 month","Kabel-TV, Lift","{'VerfÃ¼gbarkeit:': 'Sofort', 'Objekttyp:': 'Wohnung', 'Anzahl Zimmer:': '1', 'Etage:': '1', 'Anzahl Etagen:': '3', 'WohnflÃ¤che:': '18 m2', 'Letztes Renovationsjahr:': '2015', 'Baujahr:': '1970'}",https://www.immoscout24.ch/mieten/4001931347
aarau,2â€™500.â€“,CHF 2â€™300.â€“,CHF 200.â€“,2.5,N/A,"Laurenzentorgasse 12,",5000 Aarau,"Altstadtwohnung mit speziellem Grundriss, der sich vielfÃ¤ltig nutzen lÃ¤sst.
Hauptraum 38 m2, KÃ¼che mit Essbereich 23 m2, Zimmer mit freistehender Badewanne 18 m2, Zimmer 11 m2 mit Durchgang zur Laube (isoliert und beheizt, sonnig), Badezimmer (Dusche, WC, Lavabo). Waschturm in der Laube.
Helle Wohnung mit Blick in den Jura und Ã¼ber den FÃ¤rberplatz. Decken teilweise mit barocken Stuckaturen.
Der Boden im Hauptraum ist auch mit einem grauen Linoleumboden Ã¼berzogen und nicht mit den Holzspanplatten wie auf den Bildern.
Es gibt kein Kellerabteil zu dieser Wohnung.","GeschirrspÃ¼ler, Waschmaschine, Kabel-TV, Altbau","{'VerfÃ¼gbarkeit:': 'Nach Vereinbarung', 'Objekttyp:': 'Wohnung', 'Anzahl Zimmer:': '2.5', 'Etage:': '2', 'NutzflÃ¤che:': '107 m2'}",https://www.immoscout24.ch/mieten/4001808116
aarau,1â€™350.â€“,N/A,N/A,3.5,N/A,"Dammweg 25,",5000 Aarau,SchÃ¶ne 3.5 Zimmer Wohnung ab sofort zu vermieten.,Haustiere erlaubt,"{'VerfÃ¼gbarkeit:': 'Sofort', 'Objekttyp:': 'Wohnung', 'Anzahl Zimmer:': '3.5', 'Etage:': '2'}",https://www.immoscout24.ch/mieten/4001992882
aarau,850.â€“,CHF 700.â€“,CHF 150.â€“,1,N/A,"Zollrain 6,",5000 Aarau,"Im 2024 renovierte 1 - Zimmerwohnung in einem MFH mitten in Aarau
Lage: zentrale Lage, vis Ã  vis von KettenbrÃ¼cke
Objekt: 1-Zimmerwohnung im 1. OG
Wohnungsbeschrieb: EntrÃ©e mit Garderobe, KÃ¼che inkl. GeschirrspÃ¼ler, eigene WM/TU in der Wohnung, WC/Dusche mit Lavabo
5 Min. zu Fuss bis zum Bahnhof Aarau
2 Min. zu Fuss bis zum City - MÃ¤rt
VerfÃ¼gbarkeit: Per sofort oder nach Vereinbarung",Waschmaschine,"{'VerfÃ¼gbarkeit:': 'Sofort', 'Objekttyp:': 'Studio', 'Anzahl Zimmer:': '1', 'NutzflÃ¤che:': '20 m2', 'Letztes Renovationsjahr:': '2024'}",https://www.immoscout24.ch/mieten/4001975336
aarau,1â€™200.â€“,N/A,N/A,2.5,N/A,"Pelzgasse 25,",5000 Aarau,"Mitten in der historischen Altstadt von Aarau
2.5 Zimmer Dachwohnung
Heizkosten inklusive, inbegriffen!
exklusive Strom
1 Dusche / WC
1 KÃ¼che
15 Gehminuten zum KSA,
10 Gehminuten zur Hirslanden
8 Minuten zum Bahnhof
1 Person max.
Professionelle Waschmaschine + Tumbler im Keller 1.-/h
Ab 01.04.2025 oder nach Vereinbarung
An Nichtraucher ohne Haustiere ohne Betreibungen
Mit Kellerabteil
UnmÃ¶bliert",,"{'VerfÃ¼gbarkeit:': 'Nach Vereinbarung', 'Objekttyp:': 'Wohnung', 'Anzahl Zimmer:': '2.5'}",https://www.immoscout24.ch/mieten/4001931114
aarau,1â€™723.â€“,N/A,N/A,3.5,N/A,"kronegasse 6,",5000 Aarau,"zu vermieten per 01.04.2025

charmante 3.5 Zimmer Wohnung im Herzen der Altstadt Aarau im 3. Stock ( ohne Lift )

Attraktive, grosszÃ¼gige WohnrÃ¤ume
KÃ¼che mit Backofen, Kochherd und KÃ¼hlschrank
Waschmaschine und Tumbler
Badezimmer mit Badewanne, WC und Lavabo
inkl. Kellerabteil
Sie erreichen eine Vielzahl an EinkaufsmÃ¶glichkeiten, Restaurants und CafÃ©s in umliegender Gehdistanz. Geniessen Sie ebenfalls die NÃ¤he zur Aare und schÃ¶nen Naherholungsgebieten. Die Stadt Aarau ist bestens an den Ã¶ffentlichen Verkehr angebunden.
Bei Interesse sowie Besichtigung melden Sie sich bei uns unter Tel. 079 800 68 15 ( Herr Ricci )",,"{'VerfÃ¼gbarkeit:': 'Nach Vereinbarung', 'Objekttyp:': 'Wohnung', 'Anzahl Zimmer:': '3.5'}",https://www.immoscout24.ch/mieten/4001931113
aarau,N/A,N/A,N/A,1,N/A,"Buchserstrasse 67,",5000 Aarau,"MÃ¶blierte
WG Zimmer zu vermieten mit WLAN.
Angaben zum Objekt
Nr.1 Zimmer im 1. Etage mit Balkon CHF 1200.- CHF
Nr.2 Zimmer im 1. Etage 950.-CHF
Nr.3 Zimmer im 1. Etage 950.-CHF
Nr.4 Zimmer im 1. Etage 850.- CHF
Nr.5 Zimmer im 2. Etage 850.- CHF
Nr.6 Zimmer im 2. Etage 900.-CHF
Nr.7 Zimmer im 2. Etage 850.- CHF
Nr.8 Zimmer im 2. Etage 850.- CHF
Inklusive Nebenkosten.
Ausstattung fÃ¼r jedes Zimmer
TV, TV-Kommode, Stuhl, Tisch, Bett, Schrank, Laminatboden,
2X BettwÃ¤sche und natÃ¼rlich WLAN.
Die Liegenschaft befindet sich zentral und doch in einem ruhigen Quartier. EinkaufsmÃ¶glichkeiten sowie der Bahnhof sind in wenigen Minuten zu Fuss erreichbar.
Zimmer mit Laminatboden, Garderobe, KÃ¼che mit GeschirrspÃ¼ler, KÃ¼hlschrank und Backofen, WC/Dusche mit Lavabo
Mietzinsdepot 1 Monaten
VerfÃ¼gbarkeit
per sofort oder nach vereibarung.
Autoeinstellplatz fÃ¼r 100.- CHF/ Monat
Garagenbox fÃ¼r CHF 150.--/Monat
kann auch gemietet werden.
Der Besichtigungstermin kann direkt mit Nermin Aydin Kesti vereinbart werden.
Natel 0764752024 Nermin Aydin Kesti","Balkon / Terrasse, Waschmaschine","{'VerfÃ¼gbarkeit:': 'Sofort', 'Objekttyp:': 'Einzelzimmer', 'Anzahl Zimmer:': '1', 'Letztes Renovationsjahr:': '2019'}",https://www.immoscout24.ch/mieten/4001988319
aarau,1â€™706.â€“,N/A,N/A,2.5,"74
m2","Rombach,",5000 Aarau,"Wir suchen einen Nachmieter auf den 01.04.25 fÃ¼r eine tolle 2.5 Zimmer Wohnung in Rombach mit grossen Garten.

Miete inkl. NK
inkl. Parkplatz
inkl. Waschmaschine & Tumbler in der Wohnung
7 Min mit dem Bus bis Bhf Aarau
2 Min zu Fuss zur Bushaltestelle",,"{'VerfÃ¼gbarkeit:': 'Nach Vereinbarung', 'Objekttyp:': 'Wohnung', 'Anzahl Zimmer:': '2.5', 'WohnflÃ¤che:': '74 m2'}",https://www.immoscout24.ch/mieten/4001992559
aarau,1â€™300.â€“,N/A,N/A,2,N/A,N/A,N/A,"1-2 Personen mÃ¶glich oder Wohngemeinschaft
Keine Haustiere erlaubt
NÃ¤he Von dieser Wohnung aus sind der Kindergarten, die Volksschule, das besirk die Hirslanden-Klinik in 10 Minuten zu Fuss und EinkaufsmÃ¶glichkeiten in 15 Minuten erreichbar
Ein Bus fÃ¤hrt 1 Gehminute entfernt
Busfahrten durch das Kantonsspital Aarau.
Ist kinderfreundlich. 30 Ger-Zone
Die Wohnung ist ab sofort oder nach Vereinbarung verfÃ¼gbar.
Wenn ihnen Interesse geweckt hat meldet euch schnell.",,"{'VerfÃ¼gbarkeit:': 'Nach Vereinbarung', 'Objekttyp:': 'Wohnung', 'Anzahl Zimmer:': '2'}",https://www.immoscout24.ch/mieten/4001960972
aarau,890.â€“,N/A,N/A,N/A,"12
m2",N/A,N/A,"Modernes WG-Zimmer im Zentrum von Aarau ? TOP Lage fÃ¼r Studierende und junge BerufstÃ¤tige! Bist du auf der Suche nach einem modernen WG-Zimmer mit Rundum-Sorglos-Service in Aarau? Dann haben wir genau das Richtige fÃ¼r dich!

VerfÃ¼gbar ab Anfang 01. MÃ¤rz 2025 oder nach Vereinbarung:
Wir vermieten insgesamt 3 komplett mÃ¶blierte WG-Zimmer inkl. neuer MÃ¶blierung und Nebenkosten.

Frisch renovierte Wohnung: Die 4.5-Zimmer-Wohnung wird fÃ¼r dich und deine 2 Mitbewohner komplett neu mÃ¶bliert und bietet ein grosszÃ¼giges Wohnzimmer, eine moderne KÃ¼che und einen Balkon zur Mitbenutzung.

VorzÃ¼ge der Lage:
Aarau bietet eine ruhige, kinderfreundliche und dennoch Ã¤usserst zentrale Lage, ideal fÃ¼r jeden Lebensstil.

Umgebung:
Nahversorgung: Bushaltestelle vor der HaustÃ¼r, diverse EinkaufsmÃ¶glichkeiten direkt vor der HaustÃ¼r, Post, Kindergarten und Schulen befinden sich in unmittelbarer NÃ¤he.
Verkehrsanbindung: Ãœber die Aaretalstrasse erreichen Sie in wenigen Minuten die Autobahn A1 Richtung ZÃ¼rich/Bern/Basel/Luzern. Das Zentrum von Aarau liegt nebenan und ist bequem erreichbar.

Perfekte Lage fÃ¼r Studierende und junge BerufstÃ¤tige:
Ã–ffentliche Verkehrsmittel: Die Bushaltestelle ist direkt vor der HaustÃ¼r-
Pendlerfreundlich: Mit der NÃ¤he zur Autobahn A1 sind wichtige StÃ¤dte wie ZÃ¼rich, Bern, Basel und Luzern schnell erreichbar, was die Lage ideal fÃ¼r Berufspendler macht.
UniversitÃ¤ten und Hochschulen: Die gute Anbindung macht es ideal fÃ¼r Studierende der Hochschulen in Aarau und den umliegenden StÃ¤dten.

Highlights:
Top moderne Ausstattung: Neu mÃ¶blierte Zimmer, grosszÃ¼giges Wohnzimmer, moderne KÃ¼che mit GeschirrspÃ¼ler und Glaskeramikherd und grosser Balkon.
All-Inclusive-Miete: Nebenkosten sind im Mietpreis enthalten.
Haustierfreundlich: Haustiere sind willkommen.

Interesse geweckt?
Hast du Interesse an einer virtuellen oder persÃ¶nlichen Besichtigung? Besichtigungstermine kÃ¶nnen gerne Ã¼ber das Kontaktformular vereinbart werden.

ZÃ¶gere nicht ? dein neues Zuhause wartet auf dich!",,"{'VerfÃ¼gbarkeit:': 'Nach Vereinbarung', 'Objekttyp:': 'Einzelzimmer', 'WohnflÃ¤che:': '12 m2'}",https://www.immoscout24.ch/mieten/4001863726
aarau,890.â€“,N/A,N/A,1,N/A,N/A,N/A,"Nachmieter gesucht ab sofort oder nach Vereinbarung
890.- inkl nebenkosten
In Aarau nÃ¤he Roggenhausen
Bushaltestelle ca. 2 Gehminuten
KÃ¼che mit KÃ¼hlschrank und tiefkÃ¼ehlerfach
fach kein GeschrirrspÃ¼ler
Badezimmer mit Badewanne
Aussicht sehr schÃ¶n (ohne Block oder insdustrie davor) aber kein Balkon, 2 grosse Fenster
Waschmaschine gemeinsam aber sehr unkompliziert und mit eigene karte
Boden in der Wohnung wÃ¼rde neu gemacht
Bitte nur wahre Interesse melden!!!",,"{'VerfÃ¼gbarkeit:': 'Nach Vereinbarung', 'Objekttyp:': 'Wohnung', 'Anzahl Zimmer:': '1'}",https://www.immoscout24.ch/mieten/4001933809
